{"cameraMode":{"drawMode":0,"name":"Shaded","section":"Shading Mode"},"sceneLighting":false,"audioPlay":false,"sceneViewState":{"m_AlwaysRefresh":false,"showFog":true,"showSkybox":false,"showFlares":true,"showImageEffects":true,"showParticleSystems":true,"showVisualEffectGraphs":true,"m_FxEnabled":true},"in2DMode":false,"pivot":{"x":0.6164292693138123,"y":1.644659161567688,"z":1.012333631515503},"rotation":{"x":0.003412164282053709,"y":-0.9908884763717651,"z":0.025580279529094697,"w":0.1321738064289093},"size":2.2414629459381105,"orthographic":false}